Subject,Topic,Subtopic
Biology,Characteristics and classification of living organisms,Characteristics of living organisms
Biology,Characteristics and classification of living organisms,Concept and uses of classification systems
Biology,Characteristics and classification of living organisms,Features of organisms
Biology,Organisation of the organism,Cell structure
Biology,Organisation of the organism,Size of specimens
Biology,Movement into and out of cells,Diffusion
Biology,Movement into and out of cells,Osmosis
Biology,Movement into and out of cells,Active transport
Biology,Biological molecules,Biological molecules
Biology,Enzymes,Enzymes
Biology,Plant nutrition,Photosynthesis
Biology,Plant nutrition,Leaf structure
Biology,Human nutrition,Diet
Biology,Human nutrition,Digestive system
Biology,Human nutrition,Physical digestion
Biology,Human nutrition,Chemical digestion
Biology,Human nutrition,Absorption
Biology,Transport in plants,Xylem and phloem
Biology,Transport in plants,Water uptake
Biology,Transport in plants,Transpiration
Biology,Transport in plants,Translocation
Biology,Transport in animals,Circulatory systems
Biology,Transport in animals,Heart
Biology,Transport in animals,Blood vessels
Biology,Transport in animals,Blood
Biology,Diseases and immunity,Diseases and immunity
Biology,Gas exchange in humans,Gas exchange in humans
Biology,Respiration,Respiration
Biology,Respiration,Aerobic respiration
Biology,Respiration,Anaerobic respiration
Biology,Excretion in humans,Excretion in humans
Biology,Coordination and response,Coordination and response
Biology,Coordination and response,Sense organs
Biology,Coordination and response,Hormones
Biology,Coordination and response,Homeostasis
Biology,Coordination and response,Tropic responses
Biology,Drugs,Drugs
Biology,Reproduction,Asexual reproduction
Biology,Reproduction,Sexual reproduction
Biology,Reproduction,Sexual reproduction in plants
Biology,Reproduction,Sexual reproduction in humans
Biology,Reproduction,Sexual hormones in humans
Biology,Reproduction,Sexually transmitted infections
Biology,Inheritance,"Chromosomes, genes and proteins"
Biology,Inheritance,Mitosis
Biology,Inheritance,Meiosis
Biology,Inheritance,Monohybrid inheritance
Biology,Variation and selection,Variation
Biology,Variation and selection,Adaptive features
Biology,Variation and selection,Selection
Biology,Organisms and their environment,Energy flow
Biology,Organisms and their environment,Food chains and food webs
Biology,Organisms and their environment,Nutrient cycles
Biology,Organisms and their environment,Populations
Biology,Human influences on ecosystems,Food supply
Biology,Human influences on ecosystems,Habitat destruction
Biology,Human influences on ecosystems,Pollution
Biology,Human influences on ecosystems,Conservation
Biology,Biotechnology and genetic modification,Biotechnology and genetic modification
Biology,Biotechnology and genetic modification,Biotechnology
Biology,Biotechnology and genetic modification,Genetic modification
Chemistry,The particulate nature of matter,The particulate nature of matter
Chemistry,Experimental techniques,Measurement
Chemistry,Experimental techniques,Purity
Chemistry,"Atoms, elements and compounds",Atomic structure and the Periodic Table
Chemistry,"Atoms, elements and compounds",Structure and bonding
Chemistry,Stoichiometry,Stoichiometry
Chemistry,Stoichiometry,The mole concept
Chemistry,Electricity and chemistry,Electricity and chemistry
Chemistry,Chemical energetics,Energetics of a reaction
Chemistry,Chemical energetics,Energy transfer
Chemistry,Chemical reactions,Physical and chemical changes
Chemistry,Chemical reactions,Rate (speed) of reaction
Chemistry,Chemical reactions,Reversible reactions
Chemistry,Chemical reactions,Redox
Chemistry,"Acids, bases and salts",The characteristic properties of acids and bases
Chemistry,"Acids, bases and salts",Types of oxides
Chemistry,"Acids, bases and salts",Preparation of salts
Chemistry,"Acids, bases and salts",Identification of ions and gases
Chemistry,The Periodic Table,The Periodic Table
Chemistry,The Periodic Table,Periodic trends
Chemistry,The Periodic Table,Group properties
Chemistry,The Periodic Table,Transition elements
Chemistry,The Periodic Table,Noble gases
Chemistry,Metals,Properties of metals
Chemistry,Metals,Reactivity series
Chemistry,Metals,Extraction of metals
Chemistry,Metals,Uses of metals
Chemistry,Air and water,Water
Chemistry,Air and water,Air
Chemistry,Air and water,Nitrogen and fertilisers
Chemistry,Air and water,Carbon dioxide and methane
Chemistry,Sulfur,Sulfur
Chemistry,Carbonates,Carbonates
Chemistry,Organic chemistry,Names of compounds
Chemistry,Organic chemistry,Fuels
Chemistry,Organic chemistry,Homologous series
Chemistry,Organic chemistry,Alkanes
Chemistry,Organic chemistry,Alkenes
Chemistry,Organic chemistry,Alcohols
Chemistry,Organic chemistry,Carboxylic acids
Chemistry,Organic chemistry,Polymers
Physics,"Motion, forces and energy",Physical quantities and measurement techniques
Physics,"Motion, forces and energy",Motion
Physics,"Motion, forces and energy",Mass and weight
Physics,"Motion, forces and energy",Density
Physics,"Motion, forces and energy",Forces
Physics,"Motion, forces and energy",Momentum
Physics,"Motion, forces and energy","Energy, work and power"
Physics,"Motion, forces and energy",Pressure
Physics,Thermal physics,Kinetic particle model of matter
Physics,Thermal physics,Thermal properties and temperature
Physics,Thermal physics,Transfer of thermal energy
Physics,Waves,General properties of waves
Physics,Waves,Light
Physics,Waves,Electromagnetic spectrum
Physics,Waves,Sound
Physics,Electricity and magnetism,Simple phenomena of magnetism
Physics,Electricity and magnetism,Electrical quantities
Physics,Electricity and magnetism,Electric circuits
Physics,Electricity and magnetism,Electrical safety
Physics,Electricity and magnetism,Electromagnetic effects
Physics,Nuclear physics,The nuclear model of the atom
Physics,Nuclear physics,Radioactivity
Physics,Space physics,Earth and the Solar System
Physics,Space physics,Stars and the Universe
